                  epoch,             train/loss,  metrics/accuracy_top1,  metrics/accuracy_top5,               val/loss,                 lr/pg0,                 lr/pg1,                 lr/pg2
                      1,                0.70872,                0.32295,                 0.6541,                  1.859,             0.00023756,             0.00023756,             0.00023756
                      2,                0.42071,                0.40656,                0.73115,                 1.8213,              0.0003814,              0.0003814,              0.0003814
                      3,                0.32656,                0.44098,                0.74098,                  1.796,             0.00043099,             0.00043099,             0.00043099
                      4,                0.23633,                0.48689,                0.76885,                 1.7769,             0.00028988,             0.00028988,             0.00028988
                      5,                0.16637,                0.44754,                0.78033,                 1.7862,             0.00028988,             0.00028988,             0.00028988
