                  epoch,             train/loss,  metrics/accuracy_top1,  metrics/accuracy_top5,               val/loss,                 lr/pg0,                 lr/pg1,                 lr/pg2
                      1,                0.42376,                0.08333,                    0.5,                0.43175,                      0,                      0,                      0
                      2,                0.42376,                0.08333,                    0.5,                0.43153,             5.7263e-06,             5.7263e-06,             5.7263e-06
                      3,                0.41967,                0.08333,                0.58333,                0.43129,             8.6251e-06,             8.6251e-06,             8.6251e-06
                      4,                0.41354,                0.08333,                0.58333,                0.43106,             8.6965e-06,             8.6965e-06,             8.6965e-06
                      5,                 0.4074,                0.08333,                   0.75,                0.43085,             5.9405e-06,             5.9405e-06,             5.9405e-06
